{
  "accuracies": {
    "SuperHybrid_Gradient": [
      84.8249027237354,
      87.4189364461738,
      86.12191958495461,
      85.473411154345,
      86.64072632944229
    ],
    "SuperHybrid_Binary": [
      84.95460440985732,
      87.4189364461738,
      85.86251621271076,
      84.56549935149157,
      85.34370946822308
    ],
    "Gradient_CNN_Hybrid_Baseline": [
      78.98832684824903,
      82.36057068741893,
      80.02594033722438,
      79.89623865110246,
      79.24773022049287
    ],
    "Proposed_1M_Raw_Baseline": [
      85.34370946822308,
      85.99221789883269,
      85.60311284046692,
      82.87937743190662,
      83.26848249027238
    ]
  },
  "latencies": {
    "SuperHybrid_Gradient": [
      0.039829274315759056,
      0.03981792872914158,
      0.05840318278686159,
      0.04007472069607867,
      0.03962490638783238
    ],
    "SuperHybrid_Binary": [
      0.03958250795782154,
      0.039173719556531095,
      0.039108488322193366,
      0.039949987491957564,
      0.03911085075296549
    ],
    "Gradient_CNN_Hybrid_Baseline": [
      0.03675794761613417,
      0.036444182202084674,
      0.036493451400972834,
      0.036306867687618684,
      0.036509542988103494
    ],
    "Proposed_1M_Raw_Baseline": [
      1.4851617668519803,
      1.4878586768118325,
      1.5021278794695432,
      1.4876367097863041,
      1.516052950282331
    ]
  }
}