{
  "InDomain_C74_to_C74": {
    "strict_accuracy": 84.8249027237354,
    "tolerant_accuracy": 91.05058365758755,
    "avg_latency_ms": 0.039950011952764486,
    "params": 1168382
  },
  "CrossDomain_EMNIST_to_C74": {
    "strict_accuracy": 7.652399481193256,
    "tolerant_accuracy": 12.45136186770428,
    "avg_latency_ms": 0.03929452121441389,
    "params": 1168382
  },
  "CrossDomain_C74_to_EMNIST": {
    "strict_accuracy": 6.38,
    "tolerant_accuracy": 9.09,
    "avg_latency_ms": 0.03782634006347507,
    "params": 1168382
  },
  "Combined_to_C74": {
    "strict_accuracy": 81.06355382619974,
    "tolerant_accuracy": 88.715953307393,
    "avg_latency_ms": 0.03973750733370601,
    "params": 1168382
  }
}